<?xml version="1.0" encoding="UTF-8"?>
<project-private xmlns="http://www.netbeans.org/ns/project-private/1">
    <editor-bookmarks xmlns="http://www.netbeans.org/ns/editor-bookmarks/2" lastBookmarkId="0"/>
    <open-files xmlns="http://www.netbeans.org/ns/projectui-open-files/2">
        <group>
            <file>file:/E:/Work-Stations-Backups/APPS-DEV&amp;CODE-STUFFS/JAVA-FILES/MyNIlai_22030014/src/mynilai_22030014/MyNIlai_22030014.java</file>
            <file>file:/E:/Work-Stations-Backups/APPS-DEV&amp;CODE-STUFFS/JAVA-FILES/MyNIlai_22030014/src/Tampilan/Tampilan_MyNilai_22030014.java</file>
        </group>
    </open-files>
</project-private>
